{
  "$schema": "https://json-schema.org/draft/2020-12/schema",
  "$id": "https://ofn.gov.cz/dcat-ap-cz-360-2023/2025-08-12/katalog/schéma.json",
  "type": "object",
  "required": [
    "@context",
    "název",
    "popis",
    "poskytovatel",
    "kontaktní_bod"
  ],
  "properties": {
    "@context": {
      "oneOf": [
        {
          "const": "https://ofn.gov.cz/dcat-ap-cz-360-2023/2025-08-12/katalog/kontext.jsonld"
        },
        {
          "type": "array",
          "contains": {
            "const": "https://ofn.gov.cz/dcat-ap-cz-360-2023/2025-08-12/katalog/kontext.jsonld"
          },
          "items": {
            "type": "string",
            "format": "iri"
          }
        }
      ]
    },
    "název": {
      "title": "název",
      "description": "Tato vlastnost obsahuje název datového katalogu.",
      "type": "object",
      "additionalProperties": {
        "title": "Hodnota v jiném jazyce",
        "type": "string"
      },
      "required": [
        "cs"
      ],
      "properties": {
        "cs": {
          "title": "Hodnota v českém jazyce",
          "type": "string"
        },
        "en": {
          "title": "Hodnota v anglickém jazyce",
          "type": "string"
        }
      }
    },
    "popis": {
      "title": "popis",
      "description": "Tato vlastnost obsahuje volný text s popisem datového katalogu.",
      "type": "object",
      "additionalProperties": {
        "title": "Hodnota v jiném jazyce",
        "type": "string"
      },
      "required": [
        "cs"
      ],
      "properties": {
        "cs": {
          "title": "Hodnota v českém jazyce",
          "type": "string"
        },
        "en": {
          "title": "Hodnota v anglickém jazyce",
          "type": "string"
        }
      }
    },
    "poskytovatel": {
      "title": "poskytovatel",
      "description": "Poskytovatel datového katalogu.",
      "type": "string",
      "format": "iri",
      "pattern": "^https://rpp-opendata\\.egon\\.gov\\.cz/odrpp/zdroj/orgán-veřejné-moci/[^/]+$",
      "examples": [
        "https://rpp-opendata.egon.gov.cz/odrpp/zdroj/orgán-veřejné-moci/66003008"
      ]
    },
    "kontaktní_bod": {
      "title": "Organizace",
      "description": "Tato vlastnost obsahuje kontaktní informace, které mohou být využity pro zasílání připomínek ke katalogu.",
      "type": "object",
      "required": [
        "typ",
        "jméno",
        "e-mail"
      ],
      "properties": {
        "iri": {
          "type": "string",
          "format": "iri"
        },
        "typ": {
          "oneOf": [
            {
              "const": "Organizace"
            },
            {
              "type": "array",
              "contains": {
                "const": "Organizace"
              },
              "items": {
                "type": "string"
              }
            }
          ]
        },
        "jméno": {
          "title": "jméno",
          "description": "Jméno objektu jako formátovaný text.",
          "type": "object",
          "additionalProperties": {
            "title": "Hodnota v jiném jazyce",
            "type": "string"
          },
          "required": [
            "cs"
          ],
          "properties": {
            "cs": {
              "title": "Hodnota v českém jazyce",
              "type": "string"
            },
            "en": {
              "title": "Hodnota v anglickém jazyce",
              "type": "string"
            }
          }
        },
        "e-mail": {
          "title": "email",
          "description": "E-mailová adresa pro komunikaci.",
          "type": "string",
          "format": "iri"
        }
      }
    },
    "domovská_stránka": {
      "title": "domovská stránka",
      "description": "Tato vlastnost odkazuje na domovskou stránku lokálního katalogu, kam mohou chodit uživatelé.",
      "type": "array",
      "items": {
        "type": "string",
        "format": "iri",
        "pattern": "^https://.*$",
        "examples": [
          "https://www.trebic.cz/zdroj/aktualita/2020/dopadení-lupiče-na-francouzské-ulici"
        ]
      }
    },
    "datová_sada": {
      "type": "array",
      "items": {
        "type": "string",
        "format": "iri",
        "pattern": "^https://.*$"
      }
    }
  }
}